timestamp,Open,High,Low,Close,Volume
2023-06-15,25124.0,25743.8,24751.1,25577.1,4450.15834054
2023-06-16,25577.0,26497.0,25140.0,26323.0,3754.76905266
2023-06-17,26323.0,26793.8,26175.0,26511.8,1777.04973237
2023-06-18,26511.9,26685.1,26253.2,26334.7,1332.05039946
2023-06-19,26334.7,27041.8,26262.7,26840.0,3537.78926992
2023-06-20,26840.1,28400.0,26650.0,28308.9,7518.18966948
2023-06-21,28308.8,30794.9,28280.3,29992.0,9800.50387289
2023-06-22,29986.8,30460.0,29550.0,29900.0,6065.20894007
2023-06-23,29900.1,31435.3,29820.0,30687.7,6294.80793672
2023-06-24,30687.7,30812.3,30254.6,30542.4,2012.18857061
2023-06-25,30542.4,31025.4,30250.0,30447.3,1994.52104511
2023-06-26,30447.2,30645.0,29914.6,30264.2,2819.66185562
2023-06-27,30264.2,31008.5,30223.6,30695.8,3399.78078259
2023-06-28,30695.9,30720.9,29834.2,30088.1,3264.30738921
2023-06-29,30088.2,30825.0,30052.5,30450.6,2830.05933982
2023-06-30,30450.5,31276.9,29375.6,30475.0,6436.30990754
2023-07-01,30475.0,30640.3,30333.2,30591.7,708.9249389
2023-07-02,30591.7,30783.2,30192.0,30622.7,726.83724643
2023-07-03,30622.7,31373.7,30586.0,31144.9,2516.53374604
2023-07-04,31145.0,31319.7,30622.6,30781.9,1677.57052547
2023-07-05,30781.9,30856.6,30160.4,30502.8,2381.90896289
2023-07-06,30502.8,31631.0,29868.3,29901.7,4687.5195512
2023-07-07,29907.7,30433.3,29699.0,30339.1,2370.66933128
2023-07-08,30339.1,30380.9,30077.0,30294.3,647.42022758
2023-07-09,30294.3,30448.3,30100.0,30175.1,572.6126894
2023-07-10,30175.1,31017.3,29966.1,30409.9,2484.19046656
2023-07-11,30409.9,30786.6,30329.0,30623.9,1749.52300431
2023-07-12,30623.9,30969.0,30230.0,30395.3,2509.58609418
2023-07-13,30395.3,31790.8,30217.1,31486.0,4744.47078912
2023-07-14,31486.1,31634.2,29950.0,30329.7,4146.59095507
2023-07-15,30329.7,30387.6,30270.5,30284.4,617.38556731
2023-07-16,30284.4,30447.5,30069.0,30239.3,804.64532027
2023-07-17,30239.3,30330.9,29669.0,30148.2,2242.0369222
2023-07-18,30148.2,30212.5,29500.0,29857.3,2056.46485575
2023-07-19,29857.3,30199.9,29762.9,29912.6,1796.0905576
2023-07-20,29912.7,30405.9,29591.2,29797.9,2182.59405368
2023-07-21,29797.9,30053.2,29720.3,29915.1,1288.54211114
2023-07-22,29915.1,29980.1,29650.0,29766.8,638.1612134
2023-07-23,29766.7,30333.5,29746.8,30082.4,833.08133708
2023-07-24,30082.4,30087.3,28880.0,29178.4,2561.93136821
2023-07-25,29179.9,29371.0,29060.9,29225.0,1194.30071892
2023-07-26,29225.0,29678.3,29105.5,29336.1,2031.4687993
2023-07-27,29336.1,29553.3,29071.7,29209.0,1379.55036178
2023-07-28,29209.0,29506.1,29112.8,29314.2,1100.84828241
2023-07-29,29315.4,29392.4,29261.9,29360.4,627.28099598
2023-07-30,29360.5,29440.4,29054.8,29277.7,448.50009551
2023-07-31,29277.8,29500.0,29123.9,29227.6,1448.52308833
2023-08-01,29227.6,29695.2,28760.0,29695.2,2853.54766918
2023-08-02,29694.9,30000.0,28932.9,29152.3,2900.00476038
2023-08-03,29152.3,29395.8,28960.0,29187.2,1921.07280717
2023-08-04,29187.2,29305.2,28800.0,29072.9,1209.79542053
2023-08-05,29073.0,29099.9,28955.7,29047.1,412.22039116
2023-08-06,29047.2,29153.8,28952.1,29036.9,447.68761327
2023-08-07,29037.0,29225.0,28628.9,29179.0,2071.0425233
2023-08-08,29179.0,30190.0,29113.7,29766.6,3409.68303902
2023-08-09,29766.6,30099.2,29372.8,29570.8,2410.68808924
2023-08-10,29570.9,29694.4,29329.0,29429.0,1482.92884713
2023-08-11,29429.0,29534.0,29208.1,29399.0,1031.82840015
2023-08-12,29399.0,29455.6,29353.9,29412.4,389.62535967
2023-08-13,29412.5,29440.1,29260.0,29285.1,490.06627965
2023-08-14,29285.1,29657.8,29100.0,29418.4,1250.38327077
2023-08-15,29418.5,29450.0,29075.0,29165.4,1194.06219207
2023-08-16,29165.4,29219.9,28695.3,28698.5,1475.96683852
2023-08-17,28699.3,28748.0,24800.0,26636.6,5962.14893579
2023-08-18,26633.1,26820.0,25607.1,26046.6,3116.95003319
2023-08-19,26046.5,26250.0,25800.1,26083.2,950.11556572
2023-08-20,26083.2,26275.3,25995.7,26188.5,583.23160868
2023-08-21,26188.5,26225.0,25807.3,26123.4,1245.46717715
2023-08-22,26123.4,26123.4,25359.9,26040.4,1646.3291121
2023-08-23,26040.5,26779.4,25803.4,26417.4,2401.35543324
2023-08-24,26417.5,26562.0,25875.7,26160.0,1416.88216044
2023-08-25,26160.0,26281.5,25778.0,26049.8,1427.03372258
2023-08-26,26049.9,26098.3,25984.9,26002.4,356.70707825
2023-08-27,26002.4,26165.9,25966.6,26087.4,448.29657304
2023-08-28,26087.4,26230.9,25860.2,26109.6,1348.3081503
2023-08-29,26109.6,28150.0,25927.2,27731.7,4726.09076451
2023-08-30,27731.7,27757.3,27005.2,27305.4,2032.95732924
2023-08-31,27305.4,27605.5,25663.0,25936.2,2375.02443369
2023-09-01,25936.3,26127.0,25333.3,25808.3,2544.98277665
2023-09-02,25808.3,25973.8,25754.1,25869.7,614.23333921
2023-09-03,25869.7,26119.0,25820.1,25969.4,619.21434504
2023-09-04,25969.4,26079.2,25630.8,25806.3,849.90782256
2023-09-05,25806.3,25868.8,25580.5,25788.7,941.71467932
2023-09-06,25788.8,26000.0,25385.2,25763.8,1152.75666178
2023-09-07,25763.7,26487.7,25609.0,26236.4,2170.1435956
2023-09-08,26236.5,26414.0,25650.0,25905.2,2181.02001657
2023-09-09,25905.3,25919.2,25803.7,25891.3,339.50872669
2023-09-10,25891.3,26040.7,25582.5,25830.0,961.69552118
2023-09-11,25830.0,25875.0,24925.0,25163.4,3265.83063715
2023-09-12,25163.4,26528.9,25140.1,25832.4,3632.51248271
2023-09-13,25832.4,27212.0,25780.0,26231.1,2898.11469839
2023-09-14,26231.2,26833.0,26154.6,26535.5,2586.89823298
2023-09-15,26535.5,26887.7,26220.9,26610.0,2739.20878369
2023-09-16,26610.1,26756.8,26480.5,26568.5,519.04251464
2023-09-17,26568.4,26603.2,26412.0,26539.8,402.86791697
2023-09-18,26539.9,27468.1,26405.7,26758.3,3044.11850614
2023-09-19,26758.3,27494.5,26691.2,27228.6,2891.06865242
2023-09-20,27228.6,27397.8,26826.7,27135.1,2185.3227888
2023-09-21,27135.1,27150.0,26358.2,26567.6,2525.1504168
2023-09-22,26567.6,26716.9,26490.0,26583.8,1377.78818382
2023-09-23,26583.8,26630.0,26500.0,26580.8,554.31605307
2023-09-24,26580.8,26711.0,26157.0,26252.3,722.68160905
2023-09-25,26252.4,26420.0,26000.0,26289.8,2938.53345591
2023-09-26,26289.8,26393.2,26094.3,26214.9,1256.88728531
2023-09-27,26214.9,26818.2,26100.1,26359.9,2024.3096072
2023-09-28,26359.9,27312.9,26329.9,27026.8,2519.55847133
2023-09-29,27027.3,27225.7,26692.0,26920.1,2046.27520387
2023-09-30,26920.1,27096.0,26888.3,26972.9,591.63366313
2023-10-01,26972.1,28087.9,26965.7,27981.1,1803.40971306
2023-10-02,27981.1,28572.5,27298.0,27500.9,5477.09708743
2023-10-03,27500.9,27658.2,27189.0,27428.2,2269.82042802
2023-10-04,27428.2,27826.3,27229.8,27800.0,1661.17320354
2023-10-05,27800.0,28116.4,27366.1,27413.8,2420.06613584
2023-10-06,27413.8,28284.9,27185.1,27947.8,2704.34987354
2023-10-07,27947.8,28028.7,27865.7,27973.4,811.49808618
2023-10-08,27973.4,28107.2,27740.1,27934.7,677.8912909
2023-10-09,27934.7,27996.8,27275.0,27586.1,2304.99609938
2023-10-10,27586.1,27713.6,27300.0,27397.3,1585.44517938
2023-10-11,27397.3,27468.9,26551.0,26868.2,3092.07799609
2023-10-12,26868.2,26925.0,26560.0,26760.9,1601.34612333
2023-10-13,26760.9,27137.0,26675.0,26867.9,2111.79481791
2023-10-14,26867.9,26976.5,26820.0,26857.3,730.75681777
2023-10-15,26857.3,27292.1,26820.1,27170.1,1026.08545185
2023-10-16,27170.1,30000.0,27119.9,28516.8,7787.35559589
2023-10-17,28516.8,28606.3,28100.0,28415.8,2328.47652769
2023-10-18,28415.8,28980.6,28170.0,28335.1,2035.02646802
2023-10-19,28335.1,28900.0,28150.5,28726.9,2372.54455712
2023-10-20,28727.0,30215.0,28600.1,29680.9,3812.08607916
2023-10-21,29680.9,30343.3,29483.5,29920.2,2252.19712262
2023-10-22,29920.2,30220.7,29694.1,29987.3,1328.85638275
2023-10-23,29987.3,34800.0,29914.0,33084.4,7154.71601
2023-10-24,33084.4,35225.0,32880.1,33922.4,7855.01386151
2023-10-25,33921.6,35140.3,33706.1,34489.9,3923.75924466
2023-10-26,34489.9,34825.0,33717.2,34155.2,3871.43890163
2023-10-27,34155.2,34239.7,33318.6,33915.1,2681.16178873
2023-10-28,33915.1,34463.7,33852.8,34092.1,1222.22173256
2023-10-29,34092.0,34758.5,33960.1,34529.5,1521.60438775
2023-10-30,34529.5,34953.4,34100.1,34508.1,2531.60813961
2023-10-31,34508.1,34719.9,34060.1,34655.2,1855.56649419
2023-11-01,34653.9,35612.5,34120.0,35441.7,3806.80440224
2023-11-02,35441.7,35945.0,34350.0,34927.7,3988.47589861
2023-11-03,34927.8,34927.8,34133.0,34741.2,2119.52126251
2023-11-04,34741.2,35257.9,34614.4,35090.3,1617.41289256
2023-11-05,35091.1,35382.1,34520.1,35050.0,1827.87537859
2023-11-06,35050.1,35267.1,34767.3,35028.6,1572.80832561
2023-11-07,35028.6,35900.1,34560.0,35449.0,2573.31257977
2023-11-08,35449.1,36094.0,35100.0,35626.4,2554.52816689
2023-11-09,35626.4,37971.0,35517.3,36694.0,8078.04800462
2023-11-10,36702.5,37500.0,36340.1,37311.7,4459.42693761
2023-11-11,37311.7,37411.7,36658.0,37139.8,1725.24461443
2023-11-12,37139.9,37227.6,36727.3,37053.9,1172.59629012
2023-11-13,37053.9,37423.0,36371.0,36494.1,3275.04932855
2023-11-14,36494.1,36750.1,34666.0,35544.4,4657.82009731
2023-11-15,35544.4,37950.0,35361.7,37896.7,4451.09716203
2023-11-16,37896.7,37950.0,35517.2,36159.1,6415.89077125
2023-11-17,36159.1,36888.0,35851.2,36625.0,4591.39266185
2023-11-18,36625.0,36850.0,36222.0,36586.1,1154.66434705
2023-11-19,36586.1,37531.9,36416.4,37373.9,1751.8509045
2023-11-20,37383.9,37777.0,36715.0,37480.5,4171.7237213
2023-11-21,37480.5,37655.8,35777.1,35777.1,6261.50965349
2023-11-22,35777.1,37848.0,35645.0,37428.1,6119.78524784
2023-11-23,37428.1,37624.0,36874.7,37300.9,2749.31351434
2023-11-24,37300.9,38432.9,37277.2,37710.4,4254.02172775
2023-11-25,37716.2,37900.0,37614.0,37800.2,1204.59670984
2023-11-26,37800.2,37810.0,37151.1,37469.9,1333.5358221
2023-11-27,37469.9,37565.6,36720.0,37254.1,2144.82136222
2023-11-28,37254.1,38390.7,36901.0,37832.7,3571.37812702
2023-11-29,37832.7,38419.0,37604.9,37870.0,2377.63545295
2023-11-30,37870.0,38148.9,37501.0,37717.7,1732.0766671
2023-12-01,37719.0,38924.4,37629.7,38690.0,3704.47030493
2023-12-02,38690.0,39700.0,38657.1,39477.1,1964.85562729
2023-12-03,39477.1,40117.2,39299.0,39975.1,2138.76982162
2023-12-04,39975.1,42415.5,39476.0,41984.7,7454.60030785
2023-12-05,41983.0,44465.0,41427.1,44080.8,5566.77459438
2023-12-06,44080.8,44277.2,43335.5,43761.7,3558.3081874
2023-12-07,43761.7,44041.4,42885.0,43291.7,2649.07280081
2023-12-08,43288.1,44699.0,43120.1,44179.5,3595.64137028
2023-12-09,44179.6,44368.9,43606.0,43709.6,1720.15913105
2023-12-10,43709.7,44040.1,43587.6,43788.0,1376.78752819
2023-12-11,43788.0,43808.4,39999.0,41236.8,6918.90506416
2023-12-12,41236.9,42300.0,40662.4,41469.9,3827.46433532
2023-12-13,41470.0,43421.5,40606.6,42889.1,3664.05069388
2023-12-14,42889.1,43380.1,41359.0,43016.1,3403.66028483
2023-12-15,43016.1,43090.9,41697.5,41943.3,2421.86125412
2023-12-16,41943.3,42664.2,41648.8,42231.5,1484.46531222
2023-12-17,42231.5,42350.0,41238.0,41344.3,2873.78647559
2023-12-18,41344.4,42709.4,40515.9,42646.1,3401.3447875
2023-12-19,42644.7,43422.7,41820.0,42267.0,3052.46535157
2023-12-20,42267.1,44300.0,42231.2,43630.0,4004.57037215
2023-12-21,43630.0,44236.9,43329.6,43869.3,2615.35161211
2023-12-22,43869.4,44429.4,43450.1,43997.0,2630.83766727
2023-12-23,43997.0,43999.0,43314.0,43750.1,1140.85980407
2023-12-24,43750.1,43933.1,42680.0,43014.9,2343.63343067
2023-12-25,43014.9,43777.9,42765.0,43604.1,1746.95178352
2023-12-26,43604.1,43604.1,41637.1,42519.1,3180.63617197
2023-12-27,42519.1,43650.0,42150.2,43468.1,2143.684396
2023-12-28,43467.2,43792.3,42307.2,42616.4,2766.35320471
2023-12-29,42616.4,43135.8,41300.6,42097.9,2612.44640079
2023-12-30,42097.9,42577.2,41551.8,42150.0,1306.55262626
2023-12-31,42150.1,42874.4,41991.1,42241.1,1509.62365704
2024-01-01,42241.1,44187.5,42215.7,44180.8,2457.30419634
2024-01-02,44180.8,45913.4,44113.2,44972.0,6462.5537177
2024-01-03,44975.4,45509.3,39501.0,42849.5,7003.5579979
2024-01-04,42849.5,44784.9,42682.0,44211.9,3461.20649181
2024-01-05,44210.0,44365.0,42480.0,44179.9,3371.04701335
2024-01-06,44179.9,44241.8,43451.0,43960.0,990.41936124
2024-01-07,43960.0,44483.9,43648.1,43915.9,1547.79663154
2024-01-08,43915.9,47306.6,43208.5,46989.4,6838.67422667
2024-01-09,46989.5,47988.0,44500.0,46128.7,8483.34519719
2024-01-10,46128.7,47699.6,44331.8,46664.8,8288.08064486
2024-01-11,46678.1,49000.0,45619.1,46350.4,7397.10583103
2024-01-12,46350.4,46500.0,41476.0,42800.1,9423.71540987
2024-01-13,42800.1,43230.0,42459.8,42827.9,1718.42082056
2024-01-14,42827.9,43055.0,41717.0,41719.1,2802.78187532
2024-01-15,41717.1,43318.0,41700.0,42506.4,2405.08532051
2024-01-16,42499.3,43568.3,42042.1,43134.7,2360.50106233
2024-01-17,43134.7,43165.0,42190.2,42747.8,2079.15524064
2024-01-18,42746.1,42877.0,40625.0,41264.7,3426.982335
2024-01-19,41264.8,42140.3,40255.0,41611.9,3578.28441991
2024-01-20,41611.9,41800.0,40000.0,41650.0,827.74780718
2024-01-21,41649.9,42260.0,41482.8,41554.7,892.75638839
2024-01-22,41554.8,41654.2,39410.9,39510.0,4093.73353976
2024-01-23,39510.0,40100.0,38518.0,39844.0,3365.92043035
2024-01-24,39844.0,40492.3,39451.1,40069.8,2453.93910708
2024-01-25,40069.8,40261.7,39556.2,39924.8,1465.24653636
2024-01-26,39924.8,42213.6,39810.4,41814.2,3399.17302935
2024-01-27,41814.3,42194.3,41399.9,42126.3,1297.45365748
2024-01-28,42126.3,42800.0,41651.2,42024.9,1693.01208312
2024-01-29,42025.0,43333.0,41817.8,43269.5,1946.95379463
2024-01-30,43272.7,43857.2,42716.0,42956.0,2446.94412456
2024-01-31,42956.0,43742.3,42300.1,42551.7,2838.35239346
2024-02-01,42551.7,43250.0,41882.5,43075.2,2669.02478811
2024-02-02,43075.3,43431.5,42546.6,43185.9,2184.38096499
2024-02-03,43185.9,43345.2,42900.1,42982.8,526.15799578
2024-02-04,42982.8,43091.1,42232.8,42591.4,629.56386931
2024-02-05,42591.3,43489.0,42250.9,42650.0,1582.95704238
2024-02-06,42650.0,43339.7,42530.3,43085.0,1340.59799225
2024-02-07,43085.0,44362.0,42763.7,44333.6,3765.68949635
2024-02-08,44333.7,45606.2,44333.7,45329.6,3551.71897942
2024-02-09,45329.6,48188.5,45258.8,47127.0,5688.46558971
2024-02-10,47127.1,48154.0,46900.0,47773.2,1605.66098504
2024-02-11,47766.2,48590.0,47580.9,48295.0,1781.36073625
2024-02-12,48295.0,50339.5,47642.0,49943.7,5147.57339488
2024-02-13,49943.7,50390.2,48240.0,49755.4,3982.47498943
2024-02-14,49750.1,52136.8,49255.2,51835.1,4718.31045495
2024-02-15,51835.2,52843.0,51335.2,51947.1,4193.46649497
2024-02-16,51947.1,52574.2,51625.0,52185.3,2064.57876753
2024-02-17,52185.3,52192.0,50581.2,51700.0,2108.88563124
2024-02-18,51700.1,52392.1,51231.1,52156.3,1645.27261209
2024-02-19,52157.1,52475.6,51704.8,51771.1,1628.6291871
2024-02-20,51771.2,52991.8,50663.7,52270.1,4612.93475308
2024-02-21,52270.1,52359.9,50636.4,51866.9,2178.54135636
2024-02-22,51866.9,52035.0,50890.2,51300.1,1926.74006003
2024-02-23,51300.1,51472.4,50456.0,50739.4,1510.21978084
2024-02-24,50739.4,51650.0,50589.7,51554.5,942.00205046
2024-02-25,51554.5,51936.7,51300.0,51733.8,1220.61894467
2024-02-26,51733.8,54920.0,50950.0,54525.4,5241.13945742
2024-02-27,54525.4,57572.6,54478.8,57072.6,5285.87451429
2024-02-28,57066.2,64015.8,56000.4,62487.8,10911.28773542
2024-02-29,62489.8,63583.5,60108.8,61180.9,6805.48164512
2024-03-01,61180.9,63150.0,60800.1,62434.3,3522.12836667
2024-03-02,62434.3,62500.0,61663.3,62033.7,2212.55763597
2024-03-03,62028.6,63255.0,61400.0,63178.2,1592.02456275
2024-03-04,63178.3,68521.0,62262.0,68323.1,6106.3085254
2024-03-05,68338.6,69218.0,59150.0,63802.3,10647.21710186
2024-03-06,63805.2,67635.3,62876.6,66098.9,4896.523842
2024-03-07,66098.9,68050.0,65668.0,66936.5,3147.25047656
2024-03-08,66936.7,70000.0,65200.0,68333.0,4438.29990823
2024-03-09,68333.0,68657.4,68047.8,68459.1,964.99996567
2024-03-10,68459.1,69981.0,68254.9,69040.1,2360.95657907
2024-03-11,69040.1,72866.4,67187.3,72100.0,5547.01813187
2024-03-12,72100.1,73000.0,68660.2,71484.7,3980.18577146
2024-03-13,71480.8,73666.5,71336.1,73082.4,2818.46739181
2024-03-14,73089.7,73734.0,68554.9,71371.2,4983.78363201
2024-03-15,71371.3,72500.0,65600.0,69488.8,5903.81785283
2024-03-16,69488.9,69999.0,64802.6,65249.6,2550.190718
2024-03-17,65249.6,68815.6,64555.0,68355.6,2581.90048305
2024-03-18,68355.6,68898.3,66569.4,67600.0,2892.32240992
2024-03-19,67600.0,68075.0,61537.5,61908.4,6851.4328518
2024-03-20,61905.3,68137.3,60778.2,67866.0,6500.53270463
2024-03-21,67866.1,68238.0,64564.4,65499.9,2710.17809746
2024-03-22,65500.0,66614.8,62204.1,63810.1,2845.9453118
2024-03-23,63810.0,65970.0,63050.4,64034.5,1933.65360997
2024-03-24,64034.4,67614.8,63825.0,67193.9,1806.6128305
2024-03-25,67199.1,71217.1,66438.4,69950.0,4434.31051831
2024-03-26,69950.1,71557.7,69116.8,70000.1,2600.32974153
2024-03-27,70000.1,71746.9,68366.5,69437.3,3899.00360403
2024-03-28,69437.2,71546.3,68800.0,70742.2,3156.06986933
2024-03-29,70742.2,70911.4,69128.7,69917.1,1885.11342092
2024-03-30,69917.0,70354.4,69607.6,69652.0,669.4307169
2024-03-31,69652.0,71323.9,69600.0,71306.8,1097.39096998
2024-04-01,71306.7,71306.8,68101.0,69681.1,2039.09077986
2024-04-02,69681.1,69699.9,64572.7,65457.6,3892.19127401
2024-04-03,65457.6,66902.0,64541.2,65991.5,1507.14098717
2024-04-04,65991.4,69354.7,65116.1,68527.4,2782.22826481
2024-04-05,68527.4,68755.0,66004.5,67856.5,3264.19092426
2024-04-06,67856.5,69693.1,67513.7,68908.6,1622.37758547
2024-04-07,68908.6,70300.0,68888.0,69386.1,1592.35234659
2024-04-08,69386.0,72731.5,69114.5,71650.0,3524.06053669
2024-04-09,71650.1,71738.0,68263.2,69159.9,3982.98709625
2024-04-10,69159.9,71100.1,67500.0,70612.2,2906.12976057
2024-04-11,70612.3,71250.9,69600.1,70046.4,1971.1214094
2024-04-12,70046.4,71200.0,65118.0,67205.2,5854.23308811
2024-04-13,67199.8,67946.1,60495.0,64042.4,5688.40092704
2024-04-14,64018.6,65835.1,62665.7,65700.0,2418.68585252
2024-04-15,65700.0,66898.7,62355.9,63408.4,3187.66710088
2024-04-16,63441.8,64341.9,61551.0,63832.6,3089.16803046
2024-04-17,63832.6,64444.0,59700.0,61284.4,3856.04073894
2024-04-18,61284.4,64142.7,60857.6,63509.1,2723.02362572
2024-04-19,63499.5,65499.9,59666.0,63849.1,4458.81980276
2024-04-20,63846.0,65424.1,63164.0,64993.7,2049.04182914
2024-04-21,64993.8,65715.3,64281.0,64953.6,1341.96718412
2024-04-22,64953.0,67200.0,64543.1,66831.4,2626.8865329
2024-04-23,66831.4,67190.0,65853.8,66419.8,1878.08289759
2024-04-24,66419.8,67000.0,63583.4,64291.3,2418.73244785
2024-04-25,64291.3,65300.0,62743.5,64489.1,2429.37373644
2024-04-26,64489.1,64760.8,63338.4,63750.8,1618.43949102
2024-04-27,63750.8,63893.0,62396.6,63425.0,1349.33386371
2024-04-28,63425.1,64301.0,62785.8,63114.9,767.9538549
2024-04-29,63114.1,64125.0,61774.6,63822.1,1659.82104486
2024-04-30,63822.1,64738.3,59110.0,60610.0,4103.94734501
2024-05-01,60610.0,60775.0,56378.0,58272.2,5815.31538446
2024-05-02,58272.3,59602.1,56929.9,59124.1,2549.0291634
2024-05-03,59113.2,63284.0,58848.7,62925.8,3761.9953227
2024-05-04,62925.8,64500.0,62550.4,63895.3,2487.05794265
2024-05-05,63898.0,64646.7,62937.0,64067.5,1244.95349901
2024-05-06,64067.5,65500.0,62720.2,63161.7,2920.39142681
2024-05-07,63161.7,64332.9,62305.0,62325.0,2316.13898234
2024-05-08,62325.0,62966.2,60888.9,61172.1,1624.82227794
2024-05-09,61172.1,63418.5,60650.7,63051.9,1439.28575126
2024-05-10,63052.0,63521.1,60220.2,60794.6,2069.44661807
2024-05-11,60790.8,61437.2,60484.0,60805.0,792.96458373
2024-05-12,60805.0,61800.0,60638.9,61444.6,668.22060849
2024-05-13,61444.6,63400.0,60773.2,62910.0,1728.04946494
2024-05-14,62910.0,63075.0,61000.0,61568.6,1843.73972575
2024-05-15,61568.6,66450.0,61325.4,66233.0,4260.46874397
2024-05-16,66233.1,66700.0,64557.0,65228.4,2547.4399975
2024-05-17,65228.4,67443.0,65121.1,67043.5,2179.14176715
2024-05-18,67043.6,67362.9,66620.4,66920.0,565.40186442
2024-05-19,66920.1,67984.0,65922.0,66262.4,1096.64003357
2024-05-20,66262.5,71464.9,66111.0,71408.1,3168.46551312
2024-05-21,71399.0,71896.4,69202.0,70145.1,2366.52579535
2024-05-22,70145.1,70594.2,68725.2,69144.0,2667.19208346
2024-05-23,69144.1,70500.0,66250.0,67940.8,3538.19855776
2024-05-24,67947.0,69285.3,66652.4,68539.1,1803.19203512
2024-05-25,68541.0,69608.3,68540.6,69278.7,627.9022252
2024-05-26,69278.7,69461.2,67971.1,68476.4,481.57199102
2024-05-27,68474.4,70600.0,68266.6,69377.8,1340.86348323
2024-05-28,69377.8,69509.6,67243.1,68324.9,1727.62002411
2024-05-29,68325.0,68843.3,67100.0,67575.4,1916.8414627
2024-05-30,67575.4,69550.0,67099.9,68365.0,2098.19011204
2024-05-31,68365.0,69000.0,66652.4,67498.1,1214.31751664
2024-06-01,67498.1,67817.9,67383.3,67717.2,262.42915492
2024-06-02,67717.2,68379.9,67283.0,67729.1,686.52833716
2024-06-03,67729.2,70253.4,67636.9,68800.0,1647.26346475
2024-06-04,68800.0,71050.0,68600.1,70558.6,2378.57312613
2024-06-05,70558.7,71709.0,70378.9,71103.6,2163.80748451
2024-06-06,71116.3,71596.5,70100.0,70752.1,1460.01352187
2024-06-07,70752.1,71900.0,68409.0,69317.0,2531.8726325
2024-06-08,69317.1,69511.2,69138.0,69291.5,601.46220651
2024-06-09,69291.5,69809.8,69155.3,69649.9,421.24841694
2024-06-10,69649.9,70142.5,69186.7,69522.1,1227.00068662
2024-06-11,69522.2,69558.7,66059.3,67348.6,2498.48126829
2024-06-12,67348.6,69969.0,66923.0,68233.7,1900.53489755
2024-06-13,68233.7,68412.0,66244.9,66756.5,1247.85112117
2024-06-14,66756.4,67275.7,65075.0,65992.1,1703.77477408
2024-06-15,65992.1,66405.3,65794.7,66198.1,447.31797306
2024-06-16,66198.1,66868.7,66020.0,66635.4,542.32670314
2024-06-17,66630.0,67267.0,65110.0,66487.6,1178.55800856
2024-06-18,66487.7,66556.5,64050.0,65169.7,2452.72181677
2024-06-19,65169.7,65660.1,64700.0,64949.0,645.03059222
2024-06-20,64949.1,66444.7,64550.0,64833.3,1301.88144048
2024-06-21,64833.3,64999.9,63335.6,64087.9,1178.24286298
2024-06-22,64088.0,64442.5,63932.2,64253.0,355.67535869
2024-06-23,64253.0,64496.6,63176.0,63176.1,554.13121587
2024-06-24,63176.1,63277.8,58448.0,60297.0,3701.59188295
2024-06-25,60297.1,62364.8,60245.0,61794.0,1534.90147875
2024-06-26,61794.1,62454.4,60689.9,60815.1,827.76878602
2024-06-27,60815.2,62297.8,60580.7,61617.1,878.31549593
2024-06-28,61617.1,62100.0,59942.7,60319.6,880.35674383
2024-06-29,60319.6,61102.1,60307.7,60860.0,495.32479065
2024-06-30,60860.0,62916.3,60660.7,62680.3,819.171369
2024-07-01,62680.4,63798.9,62489.9,62858.5,1408.61107175
2024-07-02,62858.6,63168.6,61747.0,62019.9,924.08073447
2024-07-03,62020.0,62178.9,59341.6,60146.6,1615.05745394
2024-07-04,60146.6,60399.3,56777.0,57021.1,2727.52009454
2024-07-05,57031.4,57520.4,53563.3,56650.1,4102.76018281
2024-07-06,56650.1,58468.0,56028.6,58234.9,995.59225603
2024-07-07,58234.9,58396.7,55727.7,55845.4,940.57443934
2024-07-08,55845.4,58129.8,54301.3,56699.3,2283.59009877
2024-07-09,56699.3,58245.2,56325.2,58001.6,1412.64260222
2024-07-10,58001.6,59474.1,57154.1,57743.1,1511.28549023
2024-07-11,57742.1,59500.0,57075.5,57350.0,1532.40446222
2024-07-12,57350.0,58494.9,56593.3,57911.4,1135.13837554
2024-07-13,57911.5,59836.5,57784.1,59222.8,985.88672616
2024-07-14,59222.8,61373.5,59222.8,60810.0,1537.75585929
2024-07-15,60810.0,64900.0,60704.5,64764.2,2989.71251023
2024-07-16,64764.3,65416.3,62466.0,65088.7,3185.16204963
2024-07-17,65077.1,66100.3,63853.1,64120.0,1952.5629658
2024-07-18,64120.1,65097.1,63225.5,63960.7,1495.39840213
2024-07-19,63960.7,67429.0,63350.0,66708.9,2068.88597692
2024-07-20,66708.9,67612.9,66301.4,67166.1,878.57703216
2024-07-21,67166.1,68313.0,65857.0,68137.1,1510.0800522
2024-07-22,68137.2,68531.4,66600.0,67595.1,1381.72971405
2024-07-23,67595.2,67761.1,65458.8,65900.8,2538.76002268
2024-07-24,65900.8,67098.3,65134.4,65367.0,1565.37594373
2024-07-25,65360.4,66090.9,63427.5,65795.4,1783.90500659
2024-07-26,65794.2,69000.0,65755.6,67914.7,2487.78967158
2024-07-27,67914.7,69398.3,66624.3,67900.8,3068.23357372
2024-07-28,67912.9,68282.0,67090.9,68250.0,995.06551127
2024-07-29,68250.0,69985.0,66429.9,66755.3,2738.33894061
2024-07-30,66755.4,66973.7,65337.5,66175.1,1726.18820443
2024-07-31,66175.1,66799.9,64524.6,64638.1,1565.48572184
2024-08-01,64638.1,65550.0,62250.0,65300.0,2421.32198213
2024-08-02,65300.1,65500.0,61205.0,61409.9,2656.60031785
2024-08-03,61410.0,62126.7,59826.5,60688.5,2560.01992687
2024-08-04,60688.6,61040.4,57176.3,58103.0,1993.41704536
2024-08-05,58103.1,58270.3,49111.0,54006.5,10612.00555526
2024-08-06,54012.4,57056.5,53978.6,56080.0,3145.82396579
2024-08-07,56080.0,57720.8,54556.5,55091.0,2780.75950654
2024-08-08,55138.1,62700.0,54760.3,61704.7,3570.74854621
2024-08-09,61701.9,61732.2,59572.9,60859.9,3535.85878338
2024-08-10,60859.9,61444.6,60284.3,60951.7,745.15375745
2024-08-11,60951.8,61800.0,58329.9,58717.7,1657.2962015
2024-08-12,58717.7,60658.4,57690.0,59359.9,1772.47497441
2024-08-13,59359.5,61555.0,58441.2,60600.0,2442.99193825
2024-08-14,60600.1,61773.4,58500.0,58693.6,2297.26406239
2024-08-15,58693.7,59885.4,56117.7,57554.9,2578.85459852
2024-08-16,57555.0,59800.0,57100.9,58898.4,1659.79839491
2024-08-17,58895.6,59682.2,58812.4,59473.3,456.34171482
2024-08-18,59473.4,60234.4,58451.6,58466.5,812.95931566
2024-08-19,58466.5,59593.0,57860.8,59493.7,1313.0208045
2024-08-20,59493.7,61391.9,58572.7,59023.3,2101.76376736
2024-08-21,59023.3,61800.0,58844.0,61179.7,2153.31118019
2024-08-22,61179.8,61416.7,59805.7,60391.1,1586.14888616
2024-08-23,60391.1,64950.9,60390.0,64087.4,3155.25945614
2024-08-24,64087.5,64481.2,63641.0,64176.0,953.24449315
2024-08-25,64176.1,65070.7,63834.5,64288.1,707.02067492
2024-08-26,64288.1,64455.5,62851.0,62854.7,1136.40633879
2024-08-27,62851.1,63200.0,58009.6,59458.0,2317.8799107
2024-08-28,59458.0,60216.2,57870.8,59025.6,1959.75911169
2024-08-29,59025.6,61143.1,58717.4,59385.5,1464.07565396
2024-08-30,59385.5,59899.0,57755.0,59105.0,1521.27611375
2024-08-31,59110.0,59443.0,58736.9,58972.3,558.76100338
2024-09-01,58972.3,59026.7,57210.0,57321.2,1772.08376068
2024-09-02,57318.5,59388.0,57124.2,59128.6,1728.8002215
2024-09-03,59128.7,59773.0,57406.4,57497.6,1444.7019588
2024-09-04,57482.4,58508.0,55617.7,57970.0,2253.64124921
2024-09-05,57970.1,58285.9,55601.5,56163.9,2115.36409133
2024-09-06,56163.9,56964.1,52569.0,53948.3,3806.68584457
2024-09-07,53948.3,54810.2,53739.0,54146.4,1015.36745899
2024-09-08,54146.5,55317.6,53636.6,54856.8,980.64078512
2024-09-09,54856.9,58050.8,54580.3,57062.7,1806.65055351
2024-09-10,57062.7,58000.0,56440.2,57630.0,1234.54187638
2024-09-11,57630.0,57990.0,55548.1,57350.6,2108.12975023
2024-09-12,57350.7,58546.4,57339.0,58133.1,1392.83982615
2024-09-13,58133.4,60657.4,57658.3,60581.0,2992.83088973
2024-09-14,60581.1,60650.0,59478.3,60000.1,1011.96700566
2024-09-15,60000.2,60350.0,58679.1,59135.1,911.81154664
2024-09-16,59135.1,59176.7,57488.7,58197.2,1394.86006272
2024-09-17,58197.3,61300.0,57619.9,60317.2,2381.81722631
2024-09-18,60317.1,61777.7,59164.6,61777.7,2374.42823592
2024-09-19,61777.7,63840.0,61599.2,62922.1,2674.7679481
2024-09-20,62922.2,64087.0,62373.3,63210.2,2234.54850294
2024-09-21,63210.3,63539.5,62801.0,63376.1,1769.28073004
2024-09-22,63376.1,64000.0,62440.6,63615.2,2192.35369043
2024-09-23,63615.2,64777.3,62643.0,63332.4,2429.20341709
2024-09-24,63332.4,64681.0,62739.4,64271.8,1731.18720351
2024-09-25,64271.9,64770.0,62917.4,63139.2,1472.03011434
2024-09-26,63139.2,65764.9,62673.3,65183.5,2376.40345616
2024-09-27,65179.3,66452.8,64841.2,65788.9,1580.52059663
2024-09-28,65788.8,66218.7,65475.7,65878.4,434.17709796
2024-09-29,65862.7,66055.0,65474.4,65610.0,541.96337683
2024-09-30,65610.1,65610.1,62883.9,63338.5,1812.35809052
2024-10-01,63325.0,64100.0,60203.4,60819.1,2632.62350634
2024-10-02,60819.1,62350.0,60000.0,60635.3,1636.61948719
2024-10-03,60643.9,61467.5,59850.0,60739.6,1794.05177805
2024-10-04,60739.7,62470.0,60451.6,62081.0,1614.92871105
2024-10-05,62081.0,62328.3,61700.0,62049.0,543.8720812
2024-10-06,62048.5,62921.0,61824.9,62809.3,558.72425339
2024-10-07,62809.4,64419.3,62150.8,62234.6,1753.12946058
2024-10-08,62221.1,63180.2,61825.4,62117.9,1451.97055407
2024-10-09,62120.6,62493.0,60300.0,60558.0,1425.15802177
2024-10-10,60558.0,61237.4,58888.0,60279.5,1660.04543018
2024-10-11,60275.9,63414.5,60063.4,62502.5,1956.73441154
2024-10-12,62502.5,63445.0,62495.0,63184.0,687.2439732
2024-10-13,63184.9,63273.0,62029.9,62834.9,808.19554302
2024-10-14,62834.9,66400.0,62465.0,66025.5,2419.74862017
2024-10-15,66025.6,67871.1,64686.1,67060.5,3990.01286365
2024-10-16,67056.0,68328.6,66751.5,67589.9,1989.74847719
2024-10-17,67590.0,67899.9,66644.5,67407.8,1581.80315377
2024-10-18,67407.8,68980.3,67189.9,68440.3,1519.44740947
2024-10-19,68440.2,68632.7,68062.2,68374.9,402.00012426
2024-10-20,68375.0,69315.0,68129.4,69010.5,696.12320319
2024-10-21,69010.5,69447.8,66838.6,67385.1,2249.69267837
2024-10-22,67385.1,67750.0,66564.4,67387.6,1332.15318315
2024-10-23,67384.2,67407.5,65199.0,66633.4,1637.67388406
2024-10-24,66630.5,68794.2,66452.2,68170.1,1711.06407067
2024-10-25,68170.1,68699.0,65531.0,66606.8,1962.900885
2024-10-26,66606.8,67348.4,66364.0,67026.0,551.1168065
2024-10-27,67026.1,68196.0,66850.4,67941.2,669.93058797
2024-10-28,67941.3,70200.0,67535.0,69911.9,2663.61172521
2024-10-29,69912.0,73574.9,69720.1,72661.0,3112.48180118
2024-10-30,72661.0,72887.9,71400.0,72331.1,1750.94496989
2024-10-31,72331.1,72662.0,69602.0,70250.1,1855.72917608
2024-11-01,70250.1,71576.0,68810.0,69490.1,2425.4916887
2024-11-02,69490.1,69858.8,69060.0,69300.0,803.13883973
2024-11-03,69300.9,69363.3,67483.7,68748.7,2115.26348924
2024-11-04,68748.7,69430.6,66836.0,67783.3,1544.56123278
2024-11-05,67787.8,70482.0,67481.4,69382.7,2008.23627213
2024-11-06,69382.7,76457.6,69341.0,75642.0,8946.48732813
2024-11-07,75642.1,76937.5,74500.0,75949.2,3152.67539089
2024-11-08,75949.3,77242.0,75713.0,76550.4,2322.42184749
2024-11-09,76550.5,76911.0,75785.2,76728.3,1025.99230375
2024-11-10,76728.3,81480.7,76569.9,80423.3,4998.42665424
2024-11-11,80423.3,89600.0,80299.9,88737.6,7092.85736454
2024-11-12,88737.5,89920.0,85136.0,88087.3,6817.99545766
2024-11-13,88087.3,93435.0,86258.0,90490.9,7626.54566803
2024-11-14,90496.8,91780.0,86621.9,87313.2,6252.08697742
2024-11-15,87314.4,91850.0,87135.0,91062.0,3879.47146166
2024-11-16,91062.0,91750.0,90149.0,90555.1,1466.32281088
2024-11-17,90567.7,91399.0,88728.6,89850.0,1823.63907979
2024-11-18,89850.0,92607.2,89400.0,90507.9,3681.7495448
2024-11-19,90508.0,94000.0,90424.6,92376.1,4118.94491548
2024-11-20,92376.1,94925.0,91636.1,94364.5,3479.27477537
2024-11-21,94356.8,98999.0,94135.0,98496.0,4985.84908294
2024-11-22,98496.0,99650.0,97218.3,99000.0,3342.09282648
2024-11-23,99000.0,99000.0,97219.2,97759.1,1822.84995162
2024-11-24,97759.1,98607.4,95751.2,97994.1,1713.90019572
2024-11-25,97994.1,98880.0,92550.0,93000.0,4287.35322125
2024-11-26,93000.1,94995.0,90736.0,91914.5,3988.70968177
2024-11-27,91914.6,97387.9,91818.3,95952.9,3676.00390362
2024-11-28,95946.8,96652.0,94653.6,95637.8,1141.15914588
2024-11-29,95637.8,98670.1,95385.7,97478.7,2810.05076582
2024-11-30,97478.7,97491.2,96185.0,96456.2,724.351026
2024-12-01,96456.3,97850.0,95754.4,97244.6,790.57085383
2024-12-02,97245.0,98135.3,94450.0,95853.3,2076.03930234
2024-12-03,95853.3,96267.2,93565.1,95917.5,1750.12703242
2024-12-04,95917.5,99213.9,94656.9,98757.1,4007.40945935
2024-12-05,98757.1,104015.5,91800.0,97087.3,8398.16065969
2024-12-06,97087.3,101995.0,96510.3,99872.9,2727.15514037
2024-12-07,99873.0,100501.4,99000.0,99899.9,829.88174542
2024-12-08,99900.0,101400.0,98699.7,101170.0,1101.24140085
2024-12-09,101170.0,101214.3,94140.9,97399.9,2874.85666097
2024-12-10,97337.0,98267.9,94314.1,96655.1,2459.10248253
2024-12-11,96655.1,101900.0,95754.0,101177.0,2523.39702118
2024-12-12,101177.1,102500.0,99296.6,100050.1,1955.43808408
2024-12-13,100050.1,101905.2,99250.0,101483.1,1358.12451422
2024-12-14,101483.1,102637.2,100666.0,101400.1,926.63654907
2024-12-15,101400.1,105000.0,101222.5,104355.2,2036.39517524
2024-12-16,104355.3,107777.0,103319.4,106067.2,4525.54878744
2024-12-17,106070.2,108297.6,105124.0,106151.9,4684.88958375
2024-12-18,106152.0,106489.3,100027.8,100166.1,3014.79303894
2024-12-19,100166.1,102750.0,95586.4,97431.4,3582.99338433
2024-12-20,97431.5,98064.7,92159.0,97781.8,3145.57762405
2024-12-21,97781.8,99575.4,96359.8,97232.6,1158.06359574
2024-12-22,97232.7,97321.3,94201.1,95101.9,843.50640738
2024-12-23,95101.9,96403.0,92417.0,94699.4,1608.13292536
2024-12-24,94699.4,99400.0,93500.0,98647.2,1533.79982235
2024-12-25,98647.2,99411.6,97600.0,99310.8,681.61047112
2024-12-26,99328.2,99821.8,95139.1,95645.0,1286.63045412
2024-12-27,95660.9,97308.6,93300.0,94148.9,1781.17817466
2024-12-28,94147.6,95497.0,94033.5,95204.1,447.87195123
2024-12-29,95204.1,95204.1,92860.7,93551.0,698.54712674
2024-12-30,93551.0,94858.7,91256.6,92611.3,2168.29172819
2024-12-31,92611.3,96040.0,91934.1,93370.9,1697.95041413
2025-01-01,93370.8,94888.0,92588.1,94380.8,576.16221881
2025-01-02,94380.9,97719.9,94167.2,96805.2,1727.87834504
2025-01-03,96805.3,98888.0,96034.1,98111.1,1520.22829624
2025-01-04,98111.1,98714.8,97548.4,98208.9,630.75266227
2025-01-05,98208.9,98750.0,97250.0,98306.2,437.30434173
2025-01-06,98306.3,102479.6,97974.0,102222.0,2276.11065977
2025-01-07,102222.0,102759.3,96100.0,96932.2,2322.87122789
2025-01-08,96932.2,97232.8,92501.0,95060.4,2675.62697608
2025-01-09,95060.1,95251.1,91168.5,92531.7,2567.92194993
2025-01-10,92523.5,95771.2,92200.0,94698.8,2409.34482421
2025-01-11,94698.9,94986.6,93865.0,94562.1,315.42363614
2025-01-12,94562.1,95300.0,93652.2,94449.9,432.7113658
2025-01-13,94450.0,95808.2,89005.8,94487.1,3303.02566784
2025-01-14,94487.1,97302.9,94313.0,96560.1,1407.26000359
2025-01-15,96560.1,100731.7,96500.0,100496.4,2160.29010015
2025-01-16,100496.5,100700.0,97333.0,99976.7,1764.68463636
2025-01-17,99976.7,105883.0,99952.8,104089.8,3507.92883752
2025-01-18,104089.8,104907.3,102222.0,104382.0,1776.25333653
2025-01-19,104382.0,106246.6,99538.2,101191.1,4231.21213917
2025-01-20,101191.0,109112.0,99500.0,102162.8,6144.71011387
2025-01-21,102142.1,107200.0,100114.2,106162.8,2766.17867975
2025-01-22,106162.8,106293.4,103271.3,103648.5,1391.42072629
2025-01-23,103648.6,106833.2,101281.7,103920.2,4692.19078465
2025-01-24,103920.2,107080.6,102800.0,104840.4,1795.72253619
2025-01-25,104840.4,105194.1,104250.0,104705.2,643.54540419
2025-01-26,104705.3,105380.0,102544.1,102596.5,949.0648101
2025-01-27,102596.5,103200.0,97688.7,102133.3,3883.43048284
2025-01-28,102133.3,103728.0,100200.0,101299.8,1817.06633
2025-01-29,101299.9,104749.1,101277.6,103708.0,2068.76411452
2025-01-30,103708.1,106414.4,103252.5,104750.1,2010.23973624
2025-01-31,104750.1,106000.0,101500.0,102406.0,1755.91946054
2025-02-01,102406.0,102748.6,100147.0,100624.2,1188.3889118
2025-02-02,100624.3,101415.5,96100.0,97696.1,2816.31259953
2025-02-03,97696.0,102500.0,91000.0,101425.1,5541.67940806
2025-02-04,101425.1,101721.9,96250.0,97868.5,3162.38590831
2025-02-05,97868.4,99125.0,96191.0,96623.8,1343.73465352
2025-02-06,96613.4,99100.0,95700.0,96559.2,2017.20689834
2025-02-07,96558.5,100181.7,95634.1,96547.5,1926.56834175
2025-02-08,96547.5,96860.1,95656.9,96496.5,383.81280043
2025-02-09,96496.5,97291.2,94763.1,96473.0,702.74391142
2025-02-10,96473.0,98300.0,95326.7,97441.2,1163.37216215
2025-02-11,97441.2,98442.3,94899.2,95767.1,1329.40106338
2025-02-12,95767.1,98042.8,94111.0,97874.0,1463.18182995
2025-02-13,97874.0,98077.1,95273.7,96628.0,1291.44841164
2025-02-14,96628.0,98826.0,96340.7,97464.0,1523.91696415
2025-02-15,97464.0,97902.0,97279.3,97588.2,375.80330877
2025-02-16,97588.2,97700.0,96112.6,96144.1,311.46490458
2025-02-17,96144.1,97032.6,95224.7,95772.8,1005.28486366
2025-02-18,95772.8,96650.9,93388.7,95600.0,1472.41908125
2025-02-19,95600.0,96875.0,94996.8,96625.7,1116.70166311
2025-02-20,96625.7,98744.0,96405.7,98339.1,1280.02593709
2025-02-21,98339.1,99481.1,94858.0,96099.5,2181.18505022
2025-02-22,96099.5,96900.0,95791.3,96600.1,484.13874675
2025-02-23,96600.1,96621.6,95300.0,96303.4,359.68758804
2025-02-24,96303.4,96483.0,91400.0,91534.4,2273.50832688
2025-02-25,91534.4,92487.3,86000.0,88632.6,5210.26309616
2025-02-26,88632.6,89271.0,80525.0,84089.8,5878.70103157
2025-02-27,84089.9,86951.2,82611.0,84691.4,2506.41796058
2025-02-28,84668.4,85061.0,78219.0,84309.2,4498.77887051
2025-03-01,84309.2,86515.9,83799.3,86020.8,1112.34047277
2025-03-02,86020.8,95000.0,84500.1,94285.0,5152.5358943
2025-03-03,94285.0,94401.6,85055.0,86144.7,5136.27936399
2025-03-04,86144.7,88888.0,81434.5,87250.0,4690.09095506
2025-03-05,87250.0,90975.1,86378.4,90610.4,3795.41190016
2025-03-06,90610.4,92741.5,87836.3,89916.8,2992.56395797
2025-03-07,89925.3,91227.4,84665.7,86762.3,4534.10086304
2025-03-08,86762.3,86809.4,85230.0,86164.1,816.51310316
2025-03-09,86164.1,86435.2,80006.7,80684.0,2019.63804496
2025-03-10,80709.9,83971.5,77414.3,78558.8,3411.3441324
2025-03-11,78558.9,83607.9,76615.7,82900.0,3925.04144014
2025-03-12,82900.0,84482.0,80628.9,83673.4,2515.76502183
2025-03-13,83673.4,84282.4,79930.7,81112.3,1998.70930581
2025-03-14,81112.3,85278.7,80847.2,83997.6,2075.86273147
2025-03-15,83997.7,84659.4,83666.9,84332.9,584.76838101
2025-03-16,84333.0,85021.0,82009.8,82599.9,842.27980256
2025-03-17,82600.0,84700.0,82500.0,84015.2,1262.16112303
2025-03-18,84015.2,84015.2,81166.0,82705.4,1526.03270747
2025-03-19,82705.4,87000.0,82553.3,86879.5,2673.46536757
2025-03-20,86879.6,87433.9,83609.1,84178.6,2156.72058329
2025-03-21,84178.6,84771.3,83179.3,84034.3,1018.69958284
2025-03-22,84034.3,84450.0,83667.4,83800.0,440.24781187
2025-03-23,83800.0,86100.0,83799.9,86076.5,588.42498116
2025-03-24,86076.5,88750.0,85558.1,87505.3,2187.05354124
2025-03-25,87511.9,88500.0,86306.7,87458.1,1275.81713678
2025-03-26,87458.1,88263.0,85853.7,86899.0,1808.20481963
2025-03-27,86899.0,87755.8,85838.9,87209.9,1018.98407902
2025-03-28,87209.9,87441.7,83530.1,84373.9,2052.98377273
2025-03-29,84373.9,84559.8,81655.0,82613.8,1157.08426174
2025-03-30,82613.8,83500.0,81588.7,82325.4,916.37403895
2025-03-31,82325.4,83870.8,81270.3,82523.0,1694.68667333
2025-04-01,82523.0,85500.0,82415.9,85201.1,1757.72329983
2025-04-02,85201.2,89042.7,82141.5,82508.1,3582.61285579
2025-04-03,82508.1,83911.0,81177.7,83132.9,1942.46384857
2025-04-04,83133.0,84709.7,81657.9,83840.8,1986.99314277
2025-04-05,83840.8,84200.0,82400.0,83508.9,660.17840044
2025-04-06,83508.9,83680.0,77057.7,78363.4,3692.97635392
2025-04-07,78364.8,81323.6,74409.1,79130.1,5198.34711859
2025-04-08,79130.1,80800.0,76164.6,76276.5,2455.53545248
2025-04-09,76276.5,83548.9,74572.5,82556.3,5271.68867973
2025-04-10,82556.3,82676.5,78451.2,79552.1,2270.09893668
2025-04-11,79552.1,84261.7,78914.7,83420.1,3024.32123334
2025-04-12,83420.1,85850.9,82750.0,85284.1,1932.99267705
2025-04-13,85284.1,86037.9,83025.5,83719.0,1742.3412712
2025-04-14,83719.8,85792.1,83708.2,84530.7,2420.34075325
2025-04-15,84530.7,86401.0,83600.0,83633.5,1433.04466
2025-04-16,83633.5,85419.7,83146.0,84023.8,1861.93037475
2025-04-17,84027.5,85444.0,83777.2,84910.1,931.39734032
2025-04-18,84910.1,85087.9,84295.4,84472.5,450.65472146
2025-04-19,84472.5,85611.7,84384.6,85121.3,405.53513245
2025-04-20,85121.3,85309.2,84007.4,85150.1,517.72668291
2025-04-21,85150.0,88490.0,85150.0,87500.6,1901.27490018
2025-04-22,87500.7,93888.0,87100.0,93472.0,2972.04826005
2025-04-23,93472.0,94635.1,91949.5,93677.0,2009.60322068
2025-04-24,93677.0,94000.0,91711.0,93999.9,1079.24734065
2025-04-25,94000.0,95837.7,92900.0,94717.1,2253.19370406
2025-04-26,94717.2,95189.5,93907.5,94663.5,499.11003555
2025-04-27,94663.5,95348.5,93621.5,93817.0,532.00913019
2025-04-28,93817.0,95600.0,92900.0,94998.1,1257.55300882
2025-04-29,94998.1,95469.2,93809.5,94269.6,1566.10548205
2025-04-30,94269.7,95195.0,92970.5,94205.4,1082.84442265
2025-05-01,94205.4,97407.8,94148.3,96469.9,1646.02664605
2025-05-02,96469.9,97885.0,96386.7,96920.7,1190.74799924
2025-05-03,96920.7,96922.3,95785.9,95869.9,632.75891805
2025-05-04,95869.9,96298.0,94153.2,94303.1,754.03636157
2025-05-05,94303.1,95173.9,93570.1,94727.0,1059.28534793
2025-05-06,94727.0,96877.8,93398.5,96816.7,1231.56700197
2025-05-07,96816.7,97650.0,95824.0,97031.4,1362.55596122
2025-05-08,97031.4,104082.5,96874.9,103228.0,2992.17010376
2025-05-09,103228.0,104319.1,102344.7,102976.9,1329.71839936
2025-05-10,102977.0,104943.7,102833.3,104800.0,696.03309136
2025-05-11,104799.9,104919.7,103326.8,104119.0,779.51384444
2025-05-12,104119.0,105728.8,100772.6,102825.0,1868.93678433
2025-05-13,102825.1,104980.0,101525.1,104156.7,1104.39123118
2025-05-14,104156.8,104280.1,102591.5,103589.7,1023.73775034
2025-05-15,103589.7,104123.0,101441.6,103761.7,982.20702525
2025-05-16,103761.7,104500.0,103130.0,103500.1,933.96180688
2025-05-17,103500.1,103697.1,102690.0,103169.1,407.46473368
2025-05-18,103169.1,106631.8,103148.2,106525.6,1948.9635636
2025-05-19,106525.6,107042.1,102100.0,105637.7,2055.76779214
2025-05-20,105637.7,107262.6,104269.0,106855.6,1713.73055867
2025-05-21,106855.6,110698.0,106155.0,109675.1,3333.80572063
2025-05-22,109675.1,111983.2,109287.2,111711.1,2139.00157259
2025-05-23,111711.1,111785.3,106824.0,107333.5,2574.58399048
2025-05-24,107333.5,109503.4,106905.8,107824.2,519.31653454
2025-05-25,107824.2,109300.5,106672.9,109040.4,625.52457767
2025-05-26,109040.4,110352.0,108780.0,109468.6,988.86666387
2025-05-27,109468.6,110742.6,107600.0,109004.9,1023.08446766
2025-05-28,109004.9,109250.0,106805.1,107811.7,958.88789718
2025-05-29,107811.7,108888.0,105348.4,105632.4,1219.04523124
2025-05-30,105632.5,106333.8,103641.3,104019.7,1368.35162927
2025-05-31,104019.7,104933.2,103169.0,104662.0,513.90701088
2025-06-01,104662.0,105879.7,103850.0,105712.4,576.91217477
2025-06-02,105712.4,105927.2,103737.7,105920.3,948.96006617
2025-06-03,105920.4,106500.0,104984.1,105305.6,245.39064917
